workload_id,workload_type,priority,estimated_duration_hours,cpu_requirement,memory_requirement_gb,estimated_energy_kwh,carbon_tolerance,deadline_hours,energy_efficiency_score
WL-0001,Data-Processing,High,7.25,0.51,16,8.49,Strict,19.62,0.81
WL-0002,ML-Training,Medium,22.88,0.86,47,2.36,Moderate,33.7,0.72
WL-0003,Web-Service,Medium,1.49,0.28,4,4.63,Moderate,3.29,0.93
WL-0004,Web-Service,Medium,1.45,0.21,44,3.81,Strict,3.45,0.89
WL-0005,Web-Service,Critical,1.77,0.45,54,6.49,Strict,3.26,0.9
WL-0006,AI-Inference,High,0.18,0.47,30,9.71,Moderate,0.3,0.88
WL-0007,AI-Inference,Critical,0.1,0.54,49,1.72,Moderate,0.28,0.77
WL-0008,AI-Inference,Medium,0.32,0.61,60,8.58,Moderate,0.42,0.79
WL-0009,Data-Processing,Critical,2.83,0.6,20,9.17,Moderate,5.87,0.77
WL-0010,Web-Service,Medium,0.75,0.45,38,2.46,Strict,1.04,0.86
WL-0011,Data-Processing,Critical,1.9,0.66,9,7.91,Moderate,5.41,0.7
WL-0012,ML-Training,Medium,16.41,0.83,57,5.59,Strict,26.46,0.64
WL-0013,Web-Service,Low,1.83,0.3,6,8.53,Strict,2.53,0.91
WL-0014,AI-Inference,Medium,0.41,0.41,6,3.09,Flexible,1.08,0.75
WL-0015,AI-Inference,Low,0.34,0.44,8,1.2,Strict,0.85,0.79
WL-0016,AI-Inference,Low,0.06,0.62,51,6.09,Moderate,0.09,0.89
WL-0017,Data-Processing,Critical,6.49,0.63,16,1.45,Strict,14.53,0.75
WL-0018,AI-Inference,Critical,0.18,0.43,22,9.12,Strict,0.38,0.83
WL-0019,AI-Inference,Low,0.06,0.55,32,2.63,Flexible,0.11,0.81
WL-0020,Web-Service,Medium,0.95,0.34,55,6.48,Flexible,1.3,0.85
WL-0021,Web-Service,Critical,0.49,0.48,43,8.46,Strict,1.24,0.81
WL-0022,Web-Service,Medium,0.21,0.35,6,3.55,Strict,0.48,0.91
WL-0023,ML-Training,Critical,7.9,0.75,24,9.62,Flexible,14.06,0.7
WL-0024,AI-Inference,Low,0.28,0.66,31,7.14,Moderate,0.4,0.76
WL-0025,ML-Training,Low,5.57,0.89,6,8.91,Moderate,8.39,0.69
WL-0026,AI-Inference,Low,0.11,0.66,31,9.96,Strict,0.32,0.75
WL-0027,Data-Processing,Medium,4.66,0.68,22,5.47,Flexible,12.32,0.8
WL-0028,Data-Processing,Medium,4.64,0.58,14,5.48,Moderate,5.64,0.84
WL-0029,AI-Inference,Medium,0.13,0.54,16,7.09,Strict,0.26,0.75
WL-0030,ML-Training,Medium,3.34,0.82,26,6.47,Flexible,5.67,0.67
WL-0031,AI-Inference,High,0.31,0.49,39,5.64,Strict,0.49,0.81
WL-0032,Web-Service,Medium,0.3,0.26,55,5.46,Strict,0.76,0.88
WL-0033,Data-Processing,Critical,5.03,0.76,17,2.1,Flexible,14.99,0.84
WL-0034,ML-Training,Low,22.45,0.85,24,1.24,Flexible,32.48,0.7
WL-0035,AI-Inference,Medium,0.24,0.54,39,4.24,Moderate,0.6,0.86
WL-0036,Data-Processing,Medium,3.18,0.66,14,9.48,Moderate,7.89,0.83
WL-0037,AI-Inference,Critical,0.3,0.55,45,3.81,Flexible,0.83,0.85
WL-0038,AI-Inference,Medium,0.4,0.5,28,4.05,Strict,1.19,0.84
WL-0039,Web-Service,Low,0.94,0.36,62,4.0,Moderate,1.98,0.85
WL-0040,ML-Training,Low,15.35,0.71,48,7.19,Moderate,35.69,0.7
WL-0041,ML-Training,Critical,20.99,0.93,15,5.0,Strict,53.55,0.73
WL-0042,ML-Training,Medium,2.84,0.71,59,8.58,Flexible,5.55,0.63
WL-0043,ML-Training,High,3.23,0.86,58,2.34,Strict,8.17,0.62
WL-0044,Data-Processing,High,6.86,0.75,37,0.63,Strict,13.21,0.81
WL-0045,ML-Training,Low,3.43,0.91,15,4.71,Moderate,7.87,0.75
WL-0046,AI-Inference,High,0.13,0.62,39,3.83,Moderate,0.26,0.75
WL-0047,ML-Training,Low,14.46,0.82,15,3.52,Strict,42.48,0.62
WL-0048,Web-Service,Medium,1.6,0.27,23,8.45,Strict,4.63,0.81
WL-0049,Web-Service,High,1.52,0.42,15,3.15,Strict,2.69,0.86
WL-0050,Web-Service,High,1.69,0.28,48,4.68,Flexible,3.51,0.95
WL-0051,Data-Processing,Medium,3.44,0.69,6,9.52,Strict,6.52,0.79
WL-0052,Web-Service,High,1.99,0.33,17,3.75,Strict,4.36,0.9
WL-0053,Data-Processing,Low,1.64,0.73,63,1.6,Strict,3.82,0.77
WL-0054,AI-Inference,Low,0.11,0.58,24,7.16,Strict,0.21,0.81
WL-0055,ML-Training,Medium,5.49,0.82,62,3.9,Flexible,11.21,0.78
WL-0056,Web-Service,Critical,1.53,0.33,50,4.29,Flexible,2.53,0.89
WL-0057,Data-Processing,Medium,5.21,0.64,52,9.38,Strict,7.26,0.71
WL-0058,AI-Inference,Medium,0.4,0.69,63,3.36,Strict,1.17,0.75
WL-0059,Web-Service,Low,1.91,0.37,9,3.44,Flexible,5.04,0.9
WL-0060,AI-Inference,Medium,0.23,0.54,23,3.42,Flexible,0.37,0.78
WL-0061,Web-Service,High,0.93,0.42,4,5.03,Moderate,1.28,0.88
WL-0062,AI-Inference,Medium,0.36,0.67,52,9.21,Moderate,0.52,0.87
WL-0063,Web-Service,Critical,0.86,0.3,42,4.24,Flexible,1.57,0.9
WL-0064,ML-Training,High,6.88,0.85,36,8.32,Strict,15.67,0.67
WL-0065,AI-Inference,Medium,0.46,0.59,23,4.64,Moderate,0.87,0.78
WL-0066,Web-Service,Low,0.91,0.29,20,9.61,Moderate,1.38,0.92
WL-0067,AI-Inference,Low,0.36,0.65,45,8.69,Flexible,0.53,0.76
WL-0068,Web-Service,Critical,1.19,0.32,31,7.83,Moderate,2.34,0.87
WL-0069,ML-Training,Critical,15.28,0.9,49,3.68,Strict,45.06,0.67
WL-0070,ML-Training,Low,19.28,0.95,13,0.57,Strict,43.62,0.68
WL-0071,Web-Service,Critical,1.08,0.38,22,0.88,Moderate,2.19,0.87
WL-0072,ML-Training,High,21.56,0.87,53,8.28,Strict,36.25,0.67
WL-0073,Data-Processing,Low,3.5,0.51,26,7.45,Strict,8.85,0.8
WL-0074,Web-Service,Critical,0.43,0.36,31,8.98,Moderate,1.28,0.82
WL-0075,Web-Service,Critical,1.85,0.47,6,1.23,Moderate,2.34,0.92
WL-0076,ML-Training,High,10.4,0.95,31,4.31,Flexible,30.28,0.79
WL-0077,Data-Processing,Low,6.05,0.72,54,2.32,Moderate,18.1,0.84
WL-0078,Web-Service,Critical,1.42,0.21,21,7.6,Flexible,2.41,0.83
WL-0079,ML-Training,Critical,15.3,0.93,17,0.68,Moderate,36.46,0.65
WL-0080,Data-Processing,Medium,2.87,0.68,18,0.67,Moderate,4.58,0.75
WL-0081,Data-Processing,High,6.1,0.68,38,4.2,Strict,7.45,0.76
WL-0082,Data-Processing,Critical,3.24,0.75,17,5.56,Flexible,7.81,0.83
WL-0083,Data-Processing,Critical,3.82,0.7,39,9.86,Flexible,6.01,0.71
WL-0084,Data-Processing,Medium,3.13,0.73,43,6.06,Strict,5.73,0.77
WL-0085,AI-Inference,Critical,0.24,0.63,19,4.07,Strict,0.34,0.79
WL-0086,ML-Training,Medium,4.13,0.75,59,2.01,Strict,12.24,0.71
WL-0087,AI-Inference,High,0.21,0.47,44,1.5,Strict,0.61,0.79
WL-0088,Data-Processing,Critical,4.52,0.66,22,8.35,Moderate,6.7,0.76
WL-0089,Web-Service,Medium,0.86,0.2,47,9.12,Moderate,1.93,0.91
WL-0090,AI-Inference,Medium,0.49,0.52,43,6.39,Flexible,1.11,0.84
WL-0091,AI-Inference,Critical,0.48,0.5,47,1.36,Moderate,0.59,0.84
WL-0092,AI-Inference,High,0.3,0.66,50,8.81,Flexible,0.61,0.77
WL-0093,Web-Service,Critical,0.71,0.29,33,2.83,Strict,1.43,0.83
WL-0094,Web-Service,High,1.61,0.49,59,9.24,Flexible,2.65,0.82
WL-0095,ML-Training,Critical,2.15,0.71,59,4.16,Moderate,6.29,0.77
WL-0096,ML-Training,Critical,17.75,0.85,34,8.36,Flexible,30.66,0.74
WL-0097,AI-Inference,Critical,0.42,0.62,31,7.98,Flexible,0.62,0.81
WL-0098,Data-Processing,High,6.31,0.67,30,6.74,Flexible,17.93,0.81
WL-0099,AI-Inference,Critical,0.14,0.43,52,2.82,Moderate,0.26,0.76
WL-0100,AI-Inference,Low,0.2,0.54,52,1.83,Strict,0.34,0.79
WL-0101,Web-Service,Medium,1.77,0.37,40,6.52,Moderate,4.4,0.85
WL-0102,Data-Processing,Critical,2.08,0.74,20,6.55,Flexible,5.68,0.79
WL-0103,Data-Processing,Critical,2.04,0.5,34,6.38,Flexible,6.01,0.78
WL-0104,Web-Service,Critical,1.22,0.35,45,2.11,Strict,2.51,0.86
WL-0105,AI-Inference,High,0.45,0.4,17,2.63,Moderate,1.04,0.8
WL-0106,ML-Training,Low,16.3,0.79,57,7.59,Strict,45.91,0.78
WL-0107,Web-Service,Low,0.79,0.21,21,5.76,Strict,2.15,0.94
WL-0108,ML-Training,High,23.35,0.71,55,7.52,Strict,67.37,0.65
WL-0109,Web-Service,High,0.53,0.42,39,3.14,Strict,0.82,0.95
WL-0110,ML-Training,Medium,21.94,0.73,41,7.74,Moderate,44.65,0.64
WL-0111,ML-Training,Low,9.01,0.86,34,2.38,Strict,20.38,0.62
WL-0112,AI-Inference,Critical,0.18,0.4,53,6.6,Strict,0.49,0.89
WL-0113,AI-Inference,Medium,0.5,0.48,25,5.32,Strict,0.85,0.79
WL-0114,Data-Processing,High,2.85,0.66,44,4.68,Flexible,5.92,0.8
WL-0115,Data-Processing,Critical,7.25,0.65,47,3.39,Moderate,13.18,0.73
WL-0116,Web-Service,High,0.47,0.23,24,7.78,Moderate,0.65,0.85
WL-0117,Data-Processing,Medium,7.49,0.56,53,4.26,Flexible,20.49,0.75
WL-0118,Web-Service,Critical,0.72,0.35,53,7.4,Flexible,2.07,0.89
WL-0119,AI-Inference,High,0.47,0.65,57,7.58,Moderate,0.83,0.8
WL-0120,AI-Inference,Critical,0.39,0.4,26,6.64,Flexible,1.16,0.76
WL-0121,Data-Processing,High,1.14,0.71,57,4.05,Moderate,2.24,0.81
WL-0122,AI-Inference,Critical,0.2,0.57,58,3.1,Flexible,0.32,0.78
WL-0123,Data-Processing,Low,6.06,0.78,53,6.76,Strict,17.74,0.84
WL-0124,AI-Inference,Low,0.16,0.7,44,3.76,Strict,0.3,0.76
WL-0125,Data-Processing,Critical,1.78,0.54,56,1.94,Flexible,4.02,0.75
WL-0126,Web-Service,High,1.17,0.33,39,5.54,Moderate,2.85,0.88
WL-0127,Web-Service,High,1.57,0.22,58,3.93,Moderate,3.99,0.91
WL-0128,Web-Service,High,0.45,0.34,20,6.23,Flexible,0.65,0.85
WL-0129,AI-Inference,Low,0.24,0.64,62,9.9,Moderate,0.3,0.87
WL-0130,AI-Inference,Critical,0.5,0.69,22,5.96,Strict,0.66,0.8
WL-0131,ML-Training,Low,14.44,0.94,40,9.26,Strict,34.22,0.71
WL-0132,Web-Service,Critical,1.53,0.43,60,8.87,Strict,2.25,0.84
WL-0133,Data-Processing,Critical,1.51,0.69,60,0.7,Strict,2.61,0.78
WL-0134,AI-Inference,Medium,0.06,0.47,41,6.91,Moderate,0.13,0.79
WL-0135,Web-Service,Medium,1.56,0.37,16,7.84,Flexible,2.74,0.93
WL-0136,ML-Training,High,2.58,0.85,8,3.61,Moderate,7.4,0.76
WL-0137,Web-Service,Medium,0.48,0.25,53,3.88,Flexible,1.34,0.83
WL-0138,AI-Inference,Medium,0.11,0.68,28,0.97,Moderate,0.2,0.88
WL-0139,Web-Service,Low,1.56,0.38,14,7.69,Flexible,4.53,0.95
WL-0140,Data-Processing,High,6.25,0.6,34,2.93,Flexible,18.12,0.85
WL-0141,ML-Training,High,2.16,0.9,27,9.48,Flexible,4.28,0.77
WL-0142,Data-Processing,Critical,2.61,0.71,5,9.54,Moderate,6.55,0.82
WL-0143,Data-Processing,Medium,1.32,0.75,12,7.1,Flexible,1.73,0.7
WL-0144,Web-Service,Medium,1.75,0.4,30,2.14,Strict,5.13,0.86
WL-0145,Web-Service,Medium,0.79,0.48,23,4.33,Moderate,2.25,0.8
WL-0146,Data-Processing,Critical,5.35,0.51,6,7.48,Flexible,15.23,0.7
WL-0147,ML-Training,Low,13.87,0.89,4,3.81,Flexible,18.94,0.63
WL-0148,ML-Training,Critical,4.47,0.82,12,8.64,Strict,5.37,0.77
WL-0149,AI-Inference,High,0.26,0.67,43,6.85,Flexible,0.54,0.85
WL-0150,Web-Service,Low,0.34,0.35,51,1.4,Moderate,0.58,0.82
WL-0151,ML-Training,Critical,7.5,0.76,46,6.11,Strict,16.78,0.66
WL-0152,Data-Processing,Low,6.32,0.54,51,9.11,Moderate,14.77,0.8
WL-0153,Web-Service,Medium,1.96,0.2,14,4.27,Flexible,4.37,0.93
WL-0154,AI-Inference,Critical,0.44,0.46,32,9.93,Moderate,1.01,0.9
WL-0155,AI-Inference,High,0.1,0.48,61,2.27,Moderate,0.27,0.89
WL-0156,AI-Inference,High,0.4,0.54,8,7.93,Moderate,0.94,0.88
WL-0157,Web-Service,High,0.28,0.49,12,8.8,Moderate,0.56,0.82
WL-0158,ML-Training,Medium,23.26,0.94,13,8.48,Flexible,60.39,0.76
WL-0159,Web-Service,Low,1.49,0.31,55,5.56,Strict,2.41,0.82
WL-0160,Web-Service,Medium,0.81,0.23,57,9.34,Strict,1.2,0.9
WL-0161,AI-Inference,High,0.44,0.48,28,9.06,Moderate,1.23,0.89
WL-0162,AI-Inference,High,0.19,0.62,17,9.27,Strict,0.44,0.76
WL-0163,ML-Training,Medium,3.3,0.8,29,7.97,Strict,6.45,0.76
WL-0164,Web-Service,Medium,0.57,0.31,61,4.31,Strict,1.45,0.94
WL-0165,Web-Service,Low,0.49,0.24,37,3.46,Flexible,1.27,0.85
WL-0166,AI-Inference,Critical,0.15,0.53,13,1.17,Strict,0.28,0.83
WL-0167,Data-Processing,Critical,7.65,0.51,31,6.06,Strict,18.69,0.74
WL-0168,AI-Inference,High,0.39,0.47,19,8.76,Strict,0.82,0.9
WL-0169,AI-Inference,High,0.24,0.59,61,2.89,Strict,0.43,0.79
WL-0170,Data-Processing,Medium,7.88,0.52,41,5.2,Strict,15.61,0.82
WL-0171,Data-Processing,Critical,1.73,0.73,42,5.43,Strict,3.26,0.78
WL-0172,ML-Training,Low,14.99,0.9,52,2.77,Strict,36.13,0.72
WL-0173,AI-Inference,Critical,0.42,0.62,58,4.88,Strict,0.53,0.85
WL-0174,AI-Inference,Low,0.42,0.59,17,5.89,Flexible,0.97,0.85
WL-0175,Data-Processing,High,1.69,0.78,26,8.27,Moderate,3.1,0.81
WL-0176,Web-Service,High,0.63,0.44,53,8.04,Flexible,1.38,0.9
WL-0177,Data-Processing,Critical,6.18,0.73,58,1.34,Moderate,14.28,0.73
WL-0178,Web-Service,Critical,0.7,0.29,24,6.41,Strict,1.08,0.81
WL-0179,AI-Inference,Critical,0.14,0.66,61,3.93,Flexible,0.41,0.8
WL-0180,Data-Processing,High,1.11,0.56,52,5.82,Flexible,2.13,0.78
WL-0181,ML-Training,Critical,6.37,0.72,58,3.0,Strict,11.54,0.78
WL-0182,Data-Processing,High,3.78,0.78,43,5.92,Flexible,6.73,0.84
WL-0183,Web-Service,High,0.94,0.21,5,5.2,Strict,2.79,0.9
WL-0184,Web-Service,High,1.76,0.33,19,9.66,Strict,3.65,0.82
WL-0185,AI-Inference,Critical,0.24,0.57,44,5.97,Moderate,0.6,0.81
WL-0186,Data-Processing,Medium,6.62,0.58,24,5.63,Flexible,19.37,0.84
WL-0187,Web-Service,Medium,0.71,0.45,10,9.82,Strict,1.76,0.92
WL-0188,Data-Processing,Medium,1.73,0.75,33,3.06,Flexible,3.52,0.75
WL-0189,AI-Inference,Critical,0.27,0.53,39,6.68,Moderate,0.56,0.78
WL-0190,Web-Service,High,0.22,0.31,64,9.02,Flexible,0.55,0.84
WL-0191,AI-Inference,Critical,0.24,0.63,23,5.61,Strict,0.43,0.81
WL-0192,Web-Service,High,1.18,0.46,59,0.56,Strict,1.53,0.82
WL-0193,Data-Processing,Critical,5.11,0.73,50,2.03,Flexible,8.42,0.71
WL-0194,Web-Service,High,1.69,0.21,9,1.39,Moderate,3.77,0.91
WL-0195,AI-Inference,Medium,0.41,0.51,10,3.46,Flexible,1.02,0.88
WL-0196,Data-Processing,Low,4.5,0.56,25,4.79,Flexible,9.64,0.73
WL-0197,ML-Training,Low,21.34,0.72,14,0.52,Strict,26.1,0.74
WL-0198,Data-Processing,Low,3.69,0.51,15,2.29,Strict,7.74,0.78
WL-0199,Web-Service,High,1.95,0.23,40,2.18,Moderate,4.83,0.82
WL-0200,Web-Service,Low,1.06,0.44,55,9.38,Moderate,1.48,0.89
WL-0201,Web-Service,Medium,1.22,0.25,43,9.24,Moderate,3.51,0.83
WL-0202,AI-Inference,Medium,0.4,0.68,27,1.84,Moderate,0.62,0.76
WL-0203,AI-Inference,Low,0.07,0.42,58,5.44,Strict,0.16,0.82
WL-0204,AI-Inference,Medium,0.39,0.59,22,9.47,Moderate,0.75,0.77
WL-0205,AI-Inference,Critical,0.09,0.41,23,5.23,Moderate,0.23,0.83
WL-0206,ML-Training,Medium,13.61,0.71,45,3.48,Flexible,29.41,0.66
WL-0207,ML-Training,Critical,23.27,0.8,51,5.33,Flexible,49.23,0.71
WL-0208,ML-Training,High,22.03,0.72,8,7.28,Moderate,34.64,0.78
WL-0209,ML-Training,High,3.0,0.8,4,9.09,Strict,7.98,0.62
WL-0210,Data-Processing,Critical,7.89,0.8,6,1.98,Strict,12.97,0.76
WL-0211,Data-Processing,High,7.17,0.63,17,9.43,Strict,18.12,0.83
WL-0212,Data-Processing,Medium,3.86,0.5,56,7.9,Moderate,8.81,0.76
WL-0213,AI-Inference,Low,0.07,0.63,44,1.59,Flexible,0.19,0.85
WL-0214,AI-Inference,Critical,0.08,0.56,22,5.59,Moderate,0.22,0.86
WL-0215,Data-Processing,Low,1.76,0.54,39,8.54,Flexible,2.51,0.83
WL-0216,ML-Training,Medium,12.32,0.73,9,7.74,Flexible,20.14,0.77
WL-0217,Data-Processing,Medium,4.07,0.54,53,2.5,Moderate,5.2,0.71
WL-0218,ML-Training,High,22.87,0.79,33,2.41,Strict,29.77,0.78
WL-0219,AI-Inference,Medium,0.12,0.49,25,6.75,Moderate,0.15,0.78
WL-0220,AI-Inference,Medium,0.08,0.47,39,9.66,Flexible,0.11,0.83
WL-0221,ML-Training,High,11.02,0.83,27,0.87,Flexible,26.79,0.63
WL-0222,ML-Training,Low,10.39,0.84,58,2.63,Strict,13.12,0.75
WL-0223,ML-Training,Critical,2.44,0.91,22,7.01,Moderate,4.89,0.71
WL-0224,Web-Service,Critical,1.4,0.38,34,9.23,Flexible,2.82,0.95
WL-0225,Data-Processing,Critical,2.57,0.59,20,8.88,Moderate,6.5,0.84
WL-0226,AI-Inference,Medium,0.41,0.44,29,1.69,Strict,0.76,0.86
WL-0227,AI-Inference,Critical,0.24,0.53,33,3.95,Moderate,0.57,0.82
WL-0228,Web-Service,Medium,1.47,0.26,64,8.8,Strict,3.85,0.83
WL-0229,Data-Processing,High,7.3,0.66,17,4.23,Moderate,10.19,0.76
WL-0230,AI-Inference,Low,0.19,0.65,16,2.56,Strict,0.52,0.84
WL-0231,AI-Inference,Medium,0.47,0.53,28,5.89,Flexible,0.8,0.75
WL-0232,Web-Service,High,1.32,0.37,33,2.83,Strict,1.89,0.82
WL-0233,AI-Inference,Low,0.19,0.68,47,1.42,Flexible,0.26,0.86
WL-0234,ML-Training,High,22.24,0.92,16,7.56,Flexible,39.01,0.62
WL-0235,ML-Training,Critical,9.98,0.93,25,7.18,Moderate,17.43,0.77
WL-0236,Web-Service,Critical,1.81,0.25,14,5.84,Strict,3.71,0.88
WL-0237,Data-Processing,Medium,5.83,0.77,62,4.73,Flexible,8.42,0.8
WL-0238,AI-Inference,High,0.26,0.54,63,4.69,Strict,0.4,0.84
WL-0239,ML-Training,Low,23.35,0.94,60,4.01,Flexible,33.69,0.78
WL-0240,Data-Processing,Medium,5.74,0.78,44,3.55,Strict,15.08,0.84
WL-0241,ML-Training,Critical,9.8,0.95,14,3.97,Moderate,15.15,0.72
WL-0242,Data-Processing,Medium,7.87,0.77,7,6.67,Strict,13.8,0.75
WL-0243,AI-Inference,Critical,0.5,0.5,46,1.26,Strict,0.63,0.9
WL-0244,ML-Training,Critical,18.16,0.7,28,0.84,Strict,30.63,0.78
WL-0245,AI-Inference,Critical,0.2,0.64,49,3.75,Moderate,0.5,0.87
WL-0246,Web-Service,Low,1.03,0.28,55,6.83,Moderate,2.83,0.94
WL-0247,ML-Training,Medium,2.51,0.73,27,1.12,Strict,6.62,0.65
WL-0248,ML-Training,Low,21.0,0.7,13,6.04,Moderate,49.05,0.76
WL-0249,Data-Processing,Medium,6.5,0.53,62,7.59,Flexible,9.98,0.81
WL-0250,ML-Training,Low,2.08,0.9,28,3.54,Strict,3.22,0.61
WL-0251,Web-Service,Low,1.45,0.35,32,2.26,Flexible,1.94,0.87
WL-0252,Web-Service,Low,0.6,0.46,48,7.74,Flexible,0.92,0.83
WL-0253,Data-Processing,High,6.29,0.57,42,4.42,Strict,10.79,0.83
WL-0254,AI-Inference,High,0.16,0.5,22,7.67,Flexible,0.21,0.75
WL-0255,AI-Inference,Low,0.2,0.62,47,7.76,Strict,0.41,0.87
WL-0256,ML-Training,Low,9.0,0.89,40,2.99,Moderate,18.11,0.74
WL-0257,AI-Inference,Medium,0.22,0.49,18,6.08,Flexible,0.53,0.83
WL-0258,AI-Inference,Critical,0.26,0.54,33,8.75,Moderate,0.52,0.88
WL-0259,Web-Service,High,1.5,0.32,28,9.9,Strict,2.21,0.93
WL-0260,Data-Processing,Medium,1.1,0.74,17,1.4,Moderate,2.25,0.73
WL-0261,Data-Processing,High,3.36,0.51,18,2.3,Strict,8.41,0.75
WL-0262,AI-Inference,High,0.25,0.66,10,1.14,Moderate,0.61,0.85
WL-0263,Data-Processing,Critical,1.99,0.66,4,9.59,Strict,2.96,0.73
WL-0264,Data-Processing,High,5.79,0.63,25,7.39,Strict,15.95,0.72
WL-0265,Data-Processing,Medium,4.96,0.64,17,9.47,Strict,8.03,0.76
WL-0266,Data-Processing,High,5.44,0.77,40,8.04,Strict,8.43,0.74
WL-0267,Web-Service,Medium,1.93,0.43,56,8.29,Moderate,4.28,0.94
WL-0268,ML-Training,High,8.9,0.92,9,5.53,Moderate,20.32,0.63
WL-0269,Data-Processing,Medium,1.47,0.62,27,8.55,Flexible,3.01,0.82
WL-0270,Web-Service,Medium,1.3,0.3,54,3.09,Moderate,2.7,0.87
WL-0271,Data-Processing,Low,5.23,0.66,22,7.47,Strict,14.61,0.8
WL-0272,Data-Processing,High,2.74,0.61,20,2.44,Moderate,3.41,0.83
WL-0273,AI-Inference,Critical,0.09,0.54,39,1.99,Moderate,0.22,0.77
WL-0274,ML-Training,High,22.61,0.81,14,6.07,Moderate,66.05,0.72
WL-0275,ML-Training,Critical,3.15,0.78,39,0.74,Moderate,7.45,0.63
WL-0276,AI-Inference,High,0.13,0.58,40,7.69,Flexible,0.36,0.85
WL-0277,ML-Training,Medium,17.9,0.88,13,1.47,Flexible,51.77,0.79
WL-0278,Web-Service,High,0.27,0.31,52,1.16,Moderate,0.6,0.81
WL-0279,AI-Inference,Medium,0.34,0.52,32,2.01,Moderate,0.55,0.87
WL-0280,ML-Training,Medium,16.18,0.84,34,0.9,Flexible,41.52,0.77
WL-0281,Web-Service,Critical,1.91,0.24,5,5.35,Moderate,3.99,0.86
WL-0282,AI-Inference,Critical,0.3,0.41,4,3.82,Flexible,0.67,0.78
WL-0283,Data-Processing,Low,4.56,0.75,62,6.46,Strict,7.79,0.72
WL-0284,Data-Processing,High,4.58,0.55,16,3.61,Moderate,8.73,0.79
WL-0285,Data-Processing,Critical,4.16,0.63,17,2.26,Flexible,7.9,0.8
WL-0286,ML-Training,High,18.34,0.92,57,7.05,Flexible,51.28,0.71
WL-0287,Data-Processing,High,3.53,0.52,17,5.36,Moderate,4.31,0.79
WL-0288,Web-Service,High,1.73,0.26,33,9.85,Strict,4.44,0.86
WL-0289,AI-Inference,Medium,0.27,0.58,8,6.36,Flexible,0.73,0.85
WL-0290,ML-Training,Critical,20.86,0.94,50,5.9,Flexible,28.68,0.66
WL-0291,Data-Processing,Low,2.51,0.56,21,4.47,Flexible,4.35,0.83
WL-0292,ML-Training,Medium,21.77,0.78,11,9.23,Strict,63.44,0.79
WL-0293,ML-Training,Medium,21.37,0.93,33,8.76,Strict,52.37,0.62
WL-0294,Data-Processing,Medium,2.89,0.71,17,1.12,Strict,5.43,0.81
WL-0295,ML-Training,Low,12.94,0.91,46,1.1,Moderate,32.07,0.79
WL-0296,AI-Inference,Medium,0.14,0.48,19,7.05,Flexible,0.42,0.89
WL-0297,ML-Training,Critical,21.22,0.91,54,2.7,Strict,27.27,0.79
WL-0298,Data-Processing,High,1.62,0.61,46,9.07,Strict,3.55,0.78
WL-0299,Web-Service,High,0.71,0.39,33,9.84,Moderate,1.04,0.89
WL-0300,AI-Inference,High,0.35,0.52,60,1.81,Moderate,0.84,0.76
WL-0301,AI-Inference,Medium,0.39,0.66,42,3.75,Strict,1.05,0.76
WL-0302,Web-Service,Critical,1.72,0.37,9,8.32,Flexible,5.12,0.92
WL-0303,ML-Training,Medium,13.43,0.84,51,2.65,Strict,35.16,0.71
WL-0304,AI-Inference,Critical,0.1,0.62,37,6.74,Moderate,0.16,0.83
WL-0305,Data-Processing,Critical,6.25,0.71,13,8.43,Flexible,15.55,0.73
WL-0306,ML-Training,Critical,12.89,0.93,23,8.34,Strict,30.29,0.66
WL-0307,Web-Service,Low,0.14,0.21,8,2.91,Flexible,0.28,0.83
WL-0308,Data-Processing,High,5.63,0.5,17,3.39,Strict,12.73,0.75
WL-0309,AI-Inference,Critical,0.34,0.58,24,3.84,Moderate,0.83,0.9
WL-0310,AI-Inference,High,0.39,0.63,64,9.73,Moderate,1.16,0.84
WL-0311,AI-Inference,Low,0.07,0.55,9,2.83,Strict,0.16,0.82
WL-0312,ML-Training,Low,12.0,0.89,24,3.44,Strict,32.87,0.8
WL-0313,Web-Service,Low,1.27,0.23,63,5.31,Flexible,2.66,0.89
WL-0314,AI-Inference,Low,0.17,0.57,20,6.06,Strict,0.37,0.83
WL-0315,Web-Service,High,1.81,0.29,31,1.54,Flexible,5.34,0.84
WL-0316,ML-Training,Medium,6.38,0.82,53,4.08,Moderate,9.75,0.76
WL-0317,Data-Processing,Low,7.06,0.68,10,2.06,Flexible,17.88,0.81
WL-0318,ML-Training,High,11.64,0.79,44,5.66,Moderate,23.89,0.6
WL-0319,Data-Processing,High,4.05,0.71,34,4.31,Flexible,11.48,0.71
WL-0320,Web-Service,Critical,0.33,0.25,46,9.97,Moderate,0.73,0.9
WL-0321,AI-Inference,Low,0.08,0.64,18,2.42,Moderate,0.12,0.81
WL-0322,AI-Inference,High,0.06,0.42,41,5.54,Moderate,0.15,0.77
WL-0323,Web-Service,Critical,0.71,0.27,34,5.05,Flexible,1.07,0.83
WL-0324,ML-Training,Low,5.21,0.73,34,5.38,Flexible,11.57,0.77
WL-0325,Web-Service,High,1.29,0.32,30,1.07,Moderate,1.65,0.94
WL-0326,Data-Processing,Critical,6.46,0.51,32,6.26,Flexible,16.47,0.84
WL-0327,Web-Service,Medium,1.01,0.48,19,6.19,Moderate,2.12,0.86
WL-0328,ML-Training,Medium,11.52,0.71,53,6.59,Moderate,19.58,0.62
WL-0329,Data-Processing,High,4.25,0.74,62,3.43,Moderate,9.02,0.75
WL-0330,AI-Inference,Medium,0.39,0.65,34,3.7,Strict,0.81,0.83
WL-0331,Data-Processing,High,4.73,0.68,59,3.24,Strict,7.61,0.79
WL-0332,Data-Processing,High,7.35,0.67,37,6.92,Moderate,12.31,0.75
WL-0333,AI-Inference,High,0.35,0.46,16,7.03,Moderate,0.87,0.87
WL-0334,Data-Processing,High,2.43,0.64,44,2.85,Strict,6.37,0.72
WL-0335,Data-Processing,Critical,2.28,0.69,49,3.07,Strict,4.62,0.74
WL-0336,Data-Processing,Critical,2.02,0.68,4,1.13,Moderate,5.81,0.84
WL-0337,AI-Inference,Critical,0.47,0.57,16,3.02,Moderate,1.1,0.83
WL-0338,AI-Inference,Medium,0.32,0.54,11,3.93,Flexible,0.4,0.77
WL-0339,ML-Training,Critical,8.1,0.84,17,0.88,Strict,17.98,0.76
WL-0340,ML-Training,Medium,4.45,0.94,18,2.59,Strict,9.91,0.66
WL-0341,Data-Processing,High,7.49,0.61,52,2.59,Moderate,11.73,0.7
WL-0342,ML-Training,High,23.0,0.72,55,5.12,Flexible,37.79,0.8
WL-0343,AI-Inference,Medium,0.15,0.54,21,1.52,Flexible,0.36,0.78
WL-0344,AI-Inference,Low,0.31,0.58,58,1.28,Strict,0.62,0.78
WL-0345,Web-Service,High,1.5,0.32,17,8.88,Moderate,2.99,0.86
WL-0346,Data-Processing,Medium,3.25,0.65,27,1.87,Flexible,7.43,0.83
WL-0347,AI-Inference,High,0.13,0.52,19,7.29,Flexible,0.24,0.8
WL-0348,AI-Inference,Low,0.48,0.61,32,7.27,Flexible,0.92,0.85
WL-0349,Data-Processing,Critical,3.52,0.51,9,4.65,Moderate,5.67,0.77
WL-0350,Data-Processing,Medium,7.38,0.58,58,0.84,Moderate,13.7,0.73
WL-0351,Web-Service,Low,0.27,0.47,20,1.25,Moderate,0.55,0.9
WL-0352,Data-Processing,Critical,1.99,0.63,23,2.08,Flexible,3.22,0.73
WL-0353,ML-Training,Medium,15.66,0.84,22,5.71,Moderate,44.02,0.77
WL-0354,Web-Service,Low,0.13,0.49,21,8.26,Flexible,0.29,0.81
WL-0355,AI-Inference,Medium,0.3,0.51,19,7.98,Moderate,0.82,0.83
WL-0356,Data-Processing,Medium,4.59,0.51,14,0.96,Flexible,12.51,0.71
WL-0357,Web-Service,Medium,1.74,0.45,33,2.16,Flexible,4.32,0.84
WL-0358,Web-Service,Low,1.32,0.43,22,4.88,Moderate,3.18,0.86
WL-0359,AI-Inference,High,0.3,0.62,54,6.25,Strict,0.81,0.82
WL-0360,AI-Inference,Critical,0.39,0.56,12,8.15,Flexible,0.52,0.83
WL-0361,Data-Processing,High,6.89,0.53,27,0.73,Moderate,10.74,0.76
WL-0362,ML-Training,Medium,6.74,0.89,45,8.04,Moderate,11.06,0.69
WL-0363,ML-Training,Critical,21.81,0.93,27,8.88,Moderate,31.29,0.68
WL-0364,ML-Training,High,7.4,0.74,7,3.83,Moderate,20.69,0.62
WL-0365,AI-Inference,Low,0.09,0.49,63,9.82,Moderate,0.11,0.83
WL-0366,Data-Processing,Medium,2.35,0.78,51,7.26,Moderate,3.08,0.85
WL-0367,Web-Service,Critical,1.3,0.31,26,6.41,Moderate,2.42,0.85
WL-0368,ML-Training,Low,21.44,0.89,13,9.36,Moderate,38.47,0.7
WL-0369,AI-Inference,Medium,0.38,0.59,9,6.36,Moderate,0.72,0.86
WL-0370,ML-Training,Medium,2.97,0.7,30,8.09,Flexible,5.84,0.68
WL-0371,Data-Processing,Low,7.93,0.56,20,7.41,Flexible,12.65,0.72
WL-0372,Web-Service,High,1.86,0.35,43,7.42,Moderate,5.07,0.87
WL-0373,Data-Processing,High,5.04,0.66,37,1.98,Strict,13.62,0.81
WL-0374,Data-Processing,Critical,6.64,0.73,34,3.09,Strict,11.57,0.82
WL-0375,AI-Inference,Medium,0.07,0.58,39,2.62,Flexible,0.2,0.79
WL-0376,Web-Service,High,0.98,0.25,30,7.55,Moderate,2.18,0.88
WL-0377,Data-Processing,Low,1.57,0.55,53,3.48,Flexible,3.11,0.84
WL-0378,AI-Inference,Low,0.12,0.54,23,2.74,Moderate,0.34,0.89
WL-0379,AI-Inference,Medium,0.31,0.52,25,2.01,Moderate,0.71,0.79
WL-0380,ML-Training,Critical,4.21,0.72,35,9.02,Strict,9.97,0.63
WL-0381,ML-Training,High,2.05,0.74,47,7.01,Strict,3.77,0.8
WL-0382,ML-Training,Low,2.89,0.92,6,6.34,Flexible,7.57,0.61
WL-0383,AI-Inference,Low,0.42,0.55,57,6.32,Flexible,0.55,0.79
WL-0384,Data-Processing,Medium,2.1,0.73,48,3.2,Moderate,5.75,0.77
WL-0385,Web-Service,High,1.42,0.44,45,7.2,Moderate,2.77,0.88
WL-0386,Web-Service,Critical,1.61,0.45,13,7.18,Flexible,2.16,0.83
WL-0387,ML-Training,High,5.25,0.95,53,3.66,Moderate,11.77,0.74
WL-0388,AI-Inference,High,0.25,0.44,63,7.24,Moderate,0.59,0.89
WL-0389,Data-Processing,High,2.1,0.56,28,2.27,Moderate,4.26,0.7
WL-0390,AI-Inference,Critical,0.4,0.66,46,3.49,Strict,1.11,0.87
WL-0391,Web-Service,Critical,0.11,0.43,60,9.89,Flexible,0.15,0.86
WL-0392,Web-Service,Medium,0.56,0.38,30,0.87,Flexible,1.3,0.94
WL-0393,Data-Processing,Medium,6.6,0.61,17,1.9,Strict,15.75,0.77
WL-0394,Data-Processing,Medium,4.72,0.77,31,7.81,Strict,12.45,0.79
WL-0395,AI-Inference,Critical,0.48,0.58,6,3.2,Flexible,0.94,0.9
WL-0396,ML-Training,Medium,12.44,0.92,63,3.49,Strict,19.92,0.78
WL-0397,Data-Processing,High,3.1,0.7,29,3.02,Strict,5.0,0.73
WL-0398,Web-Service,Low,1.91,0.33,55,8.13,Strict,5.09,0.86
WL-0399,AI-Inference,High,0.06,0.66,53,6.2,Flexible,0.12,0.87
WL-0400,Web-Service,Critical,1.11,0.37,39,7.39,Flexible,2.43,0.93
WL-0401,Web-Service,Critical,0.13,0.33,5,1.44,Strict,0.32,0.84
WL-0402,Web-Service,Medium,1.35,0.4,50,2.06,Flexible,3.48,0.94
WL-0403,Data-Processing,Medium,3.17,0.66,59,1.65,Flexible,9.23,0.71
WL-0404,ML-Training,Low,19.13,0.9,52,4.79,Flexible,40.19,0.79
WL-0405,AI-Inference,High,0.28,0.54,54,1.37,Flexible,0.53,0.87
WL-0406,Web-Service,Low,1.14,0.28,8,2.04,Moderate,1.69,0.94
WL-0407,Web-Service,Critical,1.01,0.48,54,7.69,Flexible,2.68,0.8
WL-0408,AI-Inference,Low,0.15,0.46,51,2.65,Strict,0.42,0.87
WL-0409,AI-Inference,Low,0.3,0.54,6,4.8,Flexible,0.67,0.81
WL-0410,ML-Training,Low,23.73,0.93,24,8.69,Flexible,34.2,0.68
WL-0411,ML-Training,Critical,15.08,0.84,39,9.96,Strict,38.77,0.63
WL-0412,ML-Training,High,15.75,0.71,38,8.31,Moderate,20.0,0.66
WL-0413,ML-Training,High,3.21,0.78,56,4.11,Flexible,5.47,0.63
WL-0414,AI-Inference,High,0.49,0.69,30,0.72,Moderate,0.88,0.82
WL-0415,ML-Training,High,21.13,0.93,11,1.4,Moderate,54.56,0.77
WL-0416,Data-Processing,Medium,7.22,0.55,7,3.13,Strict,18.47,0.82
WL-0417,ML-Training,High,19.85,0.84,62,5.75,Moderate,27.42,0.74
WL-0418,AI-Inference,High,0.39,0.41,21,7.54,Flexible,0.51,0.81
WL-0419,ML-Training,Low,4.35,0.82,20,2.01,Strict,12.23,0.67
WL-0420,Web-Service,Low,0.26,0.25,44,8.22,Moderate,0.41,0.89
WL-0421,Web-Service,Critical,0.42,0.49,4,6.97,Moderate,0.94,0.88
WL-0422,Web-Service,Critical,1.04,0.27,16,8.34,Moderate,1.89,0.89
WL-0423,AI-Inference,Low,0.49,0.52,49,4.49,Strict,1.12,0.79
WL-0424,ML-Training,Medium,23.51,0.8,40,2.25,Strict,52.77,0.65
WL-0425,Web-Service,Low,0.35,0.21,47,4.25,Flexible,0.6,0.91
WL-0426,ML-Training,Low,14.64,0.86,30,1.52,Flexible,29.35,0.77
WL-0427,Web-Service,Critical,1.48,0.44,28,6.77,Strict,2.5,0.85
WL-0428,Web-Service,Medium,1.73,0.24,35,5.14,Moderate,3.44,0.83
WL-0429,Data-Processing,Low,1.02,0.64,51,4.86,Moderate,1.6,0.83
WL-0430,ML-Training,Low,21.39,0.74,34,7.96,Strict,28.18,0.69
WL-0431,AI-Inference,High,0.21,0.59,57,5.03,Moderate,0.35,0.85
WL-0432,AI-Inference,Critical,0.15,0.67,28,2.58,Strict,0.32,0.79
WL-0433,Web-Service,High,0.31,0.42,59,6.75,Moderate,0.79,0.9
WL-0434,ML-Training,High,3.39,0.94,55,2.82,Strict,9.74,0.78
WL-0435,Web-Service,High,1.29,0.49,53,7.05,Strict,2.53,0.94
WL-0436,Data-Processing,Critical,1.01,0.56,20,7.11,Moderate,2.28,0.75
WL-0437,AI-Inference,Critical,0.35,0.69,34,6.43,Flexible,0.63,0.8
WL-0438,Data-Processing,Critical,3.5,0.73,39,0.66,Flexible,4.85,0.77
WL-0439,Web-Service,Low,0.54,0.46,10,6.97,Strict,1.08,0.86
WL-0440,Web-Service,Low,0.52,0.26,62,6.08,Flexible,1.55,0.81
WL-0441,AI-Inference,Low,0.45,0.43,55,2.88,Strict,0.98,0.84
WL-0442,Web-Service,Low,0.18,0.41,63,8.5,Flexible,0.48,0.9
WL-0443,Data-Processing,Low,1.7,0.65,31,7.12,Moderate,4.35,0.79
WL-0444,Web-Service,High,0.15,0.23,16,2.13,Flexible,0.25,0.8
WL-0445,ML-Training,Critical,18.11,0.75,7,6.79,Flexible,41.91,0.63
WL-0446,ML-Training,High,4.59,0.93,57,7.02,Flexible,11.2,0.73
WL-0447,Web-Service,Critical,1.0,0.2,10,1.31,Flexible,1.58,0.88
WL-0448,Web-Service,High,0.89,0.33,60,4.8,Strict,1.92,0.82
WL-0449,Web-Service,High,1.91,0.33,24,2.97,Flexible,5.48,0.92
WL-0450,ML-Training,Low,6.32,0.77,59,6.02,Strict,9.02,0.69
WL-0451,ML-Training,Critical,7.05,0.88,29,9.14,Strict,17.51,0.62
WL-0452,Web-Service,Medium,0.2,0.25,62,0.98,Strict,0.44,0.92
WL-0453,ML-Training,High,7.31,0.84,20,3.65,Flexible,19.68,0.71
WL-0454,ML-Training,Medium,11.41,0.91,48,6.54,Strict,16.73,0.76
WL-0455,AI-Inference,High,0.08,0.62,33,2.06,Moderate,0.25,0.86
WL-0456,Data-Processing,Low,1.21,0.73,59,8.19,Flexible,1.63,0.82
WL-0457,Web-Service,Medium,1.54,0.44,34,9.55,Flexible,3.06,0.81
WL-0458,Data-Processing,Medium,1.4,0.69,26,3.47,Strict,1.97,0.7
WL-0459,Data-Processing,Critical,6.27,0.58,22,5.17,Flexible,9.22,0.82
WL-0460,Data-Processing,Critical,4.51,0.74,33,0.75,Strict,5.81,0.77
WL-0461,Data-Processing,High,7.2,0.61,37,1.92,Moderate,15.94,0.71
WL-0462,Web-Service,High,0.88,0.44,46,0.97,Moderate,2.37,0.95
WL-0463,AI-Inference,Critical,0.38,0.57,17,2.78,Strict,1.04,0.82
WL-0464,AI-Inference,Medium,0.33,0.64,12,1.11,Moderate,0.87,0.84
WL-0465,ML-Training,Low,21.04,0.76,20,6.44,Moderate,61.67,0.78
WL-0466,Web-Service,Medium,1.14,0.34,28,7.32,Flexible,2.45,0.84
WL-0467,ML-Training,Critical,10.79,0.76,43,6.94,Strict,16.27,0.63
WL-0468,Data-Processing,Medium,3.85,0.55,27,7.36,Strict,7.61,0.76
WL-0469,ML-Training,Critical,8.81,0.89,22,9.48,Strict,16.76,0.77
WL-0470,Data-Processing,Medium,7.62,0.61,29,7.99,Strict,18.42,0.83
WL-0471,Data-Processing,Low,4.8,0.56,46,1.3,Moderate,8.43,0.83
WL-0472,Data-Processing,Low,7.04,0.65,53,2.65,Flexible,13.12,0.78
WL-0473,Web-Service,Low,1.68,0.28,47,7.04,Flexible,2.89,0.82
WL-0474,ML-Training,High,23.85,0.77,16,8.37,Moderate,53.82,0.64
WL-0475,ML-Training,Low,10.68,0.76,49,6.2,Strict,21.79,0.62
WL-0476,ML-Training,Medium,13.98,0.85,35,2.56,Moderate,32.97,0.72
WL-0477,Web-Service,Low,0.17,0.32,62,7.63,Strict,0.37,0.81
WL-0478,Data-Processing,Low,7.94,0.53,4,9.16,Flexible,21.25,0.83
WL-0479,ML-Training,Low,14.89,0.78,19,7.04,Moderate,30.53,0.71
WL-0480,AI-Inference,Critical,0.17,0.49,62,0.53,Strict,0.41,0.77
WL-0481,AI-Inference,High,0.22,0.64,42,1.17,Flexible,0.6,0.76
WL-0482,Data-Processing,High,1.76,0.59,57,0.75,Flexible,4.51,0.78
WL-0483,AI-Inference,Medium,0.14,0.64,8,2.78,Moderate,0.25,0.78
WL-0484,AI-Inference,High,0.08,0.48,12,5.44,Moderate,0.24,0.86
WL-0485,ML-Training,Critical,20.25,0.86,63,4.26,Moderate,59.52,0.67
WL-0486,ML-Training,Low,13.43,0.72,64,0.9,Flexible,37.25,0.69
WL-0487,ML-Training,Low,13.45,0.75,56,8.78,Flexible,25.48,0.78
WL-0488,AI-Inference,Medium,0.08,0.68,20,9.03,Moderate,0.11,0.89
WL-0489,AI-Inference,Critical,0.28,0.46,31,7.75,Strict,0.79,0.82
WL-0490,Web-Service,Low,1.97,0.45,19,3.39,Strict,2.38,0.94
WL-0491,AI-Inference,Medium,0.4,0.5,30,0.94,Flexible,0.95,0.88
WL-0492,ML-Training,Low,3.17,0.87,36,4.0,Strict,7.13,0.74
WL-0493,ML-Training,Critical,19.67,0.77,20,6.04,Flexible,37.87,0.6
WL-0494,AI-Inference,High,0.39,0.57,57,5.75,Strict,1.01,0.87
WL-0495,AI-Inference,Critical,0.09,0.56,44,9.54,Flexible,0.13,0.87
WL-0496,ML-Training,Medium,8.48,0.89,15,8.96,Flexible,12.99,0.71
WL-0497,Web-Service,Low,0.66,0.24,30,6.41,Flexible,1.97,0.86
WL-0498,AI-Inference,Low,0.12,0.59,45,4.7,Strict,0.19,0.81
WL-0499,Web-Service,High,1.09,0.27,45,2.82,Strict,1.58,0.89
WL-0500,ML-Training,Critical,20.39,0.95,60,6.8,Flexible,57.59,0.78
